# Old Wix address (without leading slash),new page on this site or full URL
old,new
2020-scholarship-awardees,fellows.html
2021-scholarship-awardees,fellows.html
2025-scholarship-awardees,fellows.html
aina,https://ainaadekunle.substack.com/
aina-consult-gradschool,https://ainaadekunle.substack.com/
aina-contact,https://ainaadekunle.substack.com/
aina-cv,https://ainaadekunle.substack.com/
aina-publications,https://ainaadekunle.substack.com/
blog,projects.html
blog/categories/_r,projects.html
blog/categories/artificial-intelligence,projects.html
blog/categories/covid19,projects.html
blog/categories/data-analysis,projects.html
blog/categories/data-science,projects.html
blog/categories/life,projects.html
blog/categories/machine-learning,projects.html#category=Machine%20Learning
blog/categories/python,projects.html#category=Python
challenges,index.html
cinde,index.html
content-developers,contribute.html
data-scientist-program,program.html
disclaimer,privacy.html
donate,support.html
earn,contribute.html
electronics,index.html
electronics-1,index.html
forum,index.html
free-courses,resources.html
groups,index.html
learn,resources.html
meeting-schedule,contact.html
notebooks,resources.html
pdf-viewer,index.html
privacy-policy,privacy.html
product-page/artificial-neural-networks-with-titanic-dataset,resources.html
product-page/basics-of-python-programming,resources.html
product-page/data-manipulation-with-pandas,resources.html
product-page/data-structures-in-python,resources.html
product-page/data-visualization-with-matplotlib,resources.html
product-page/decision-trees-with-titanic-dataset,resources.html
product-page/flow-control-in-python,resources.html
product-page/functions-in-python,resources.html
product-page/k-means-clustering-with-titanic-dataset,resources.html
product-page/k-nearest-neighbors-with-titatic-dataset,resources.html
product-page/linear-regression-with-statsmodels,resources.html
product-page/logistic-regression-with-titatic-dataset,resources.html
product-page/machine-learning-with-titanic-dataset,resources.html
product-page/numerical-computation-with-numpy,resources.html
product-page/python-dictionaries,resources.html
product-page/python-for-data-science,resources.html
product-page/random-forest-with-titanic-dataset,resources.html
profile-aina,https://ainaadekunle.substack.com/
python-programming,resources.html
scholarship-1,apply.html
scholarships-jan2022,fellows.html
sep2022-scholarship-awardees,fellows.html
shared-gallery,index.html
verify-certificate-2000044,program.html
verify-certificate-2000087,program.html
verify-certificate-2019-sample,program.html
verify-certificate-2200013,program.html
verify-certificate-2200046,program.html
verify-certificate-2200088,program.html
verify-certificate-2200095,program.html
verify-certificate-2200100,program.html
verify-certificate-2200132,program.html
verify-certificate-2200190,program.html
verify-certificate-2200205,program.html
verify-certificate-2200257,program.html
work-with-us,contribute.html
my-addresses,index.html
